INSERT INTO users (id, name, age) VALUES (1, 'Harry', 21), (2, 'Mary', 22), (3, 'Barry', 24), (4, 'Carrie', 27),
(5, 'Gary', 31), (6, 'Jerry', 29), (7, 'Larry', 31), (8, 'Perry', 35), (9, 'Terry', 38), (10, 'Todd', 27),
(11, 'Rod', 44), (12, 'Maude', 40), (13, 'God', 33), (14, 'Sherrod', 36), (15, 'Tiny', 11), (16, 'Big Joe', 45),
(17, 'Little Tommy', 26), (18, 'Pinky', 25), (19, 'Inky', 25), (20, 'Stinky', 33);

INSERT INTO projects (id, title, category, funding_goal, start_date, end_date) VALUES
(1, 'Bobblehead', 'collectible', 15.00, '2019-04-29', '2020-04-29'),
(2, 'Baseball socks', 'clothing', 400.00, '2019-04-29', '2020-04-29'),
(3, 'Horse care', 'medicine', 700.00, '2019-04-29', '2020-04-29'),
(4, 'Dirt science', 'science', 1000.00, '2019-04-29', '2020-04-29'),
(5, 'Wood blocks', 'toys', 4400.00, '2019-04-29', '2020-04-29'),
(6, 'Chew technigues', 'how-to', 7600.00, '2019-04-29', '2020-04-29'),
(7, 'Cat care', 'medicine', 135.00, '2019-04-29', '2020-04-29'),
(8, 'Football cleats', 'clothing', 5800.00, '2019-04-29', '2020-04-29'),
(9, 'Voter rights', 'political', 138.00, '2019-04-29', '2020-04-29'),
(10, 'Pillow refunds', 'law', 4500.00, '2019-04-29', '2020-04-29'),

INSERT INTO pledges (id, amount, user_id, project_id) VALUES
(1, 5.00, 1, 2),
(2, 5.00, 2, 3),
(3, 5.00, 2, 4),
(4, 5.00, 3, 3),
(5, 5.00, 3, 2),
(6, 5.00, 4, 4),
(7, 5.00, 4, 10),
(8, 5.00, 5, 10),
(9, 5.00, 5, 9),
(10, 5.00, 5, 8),
(11, 5.00, 5, 7),
(12, 5.00, 6, 6),
(13, 5.00, 6, 3),
(14, 5.00, 6, 4),
(15, 5.00, 6, 1),
(16, 5.00, 6, 1),
(17, 5.00, 6, 6),
(18, 5.00, 6, 5),
(19, 5.00, 6, 5),
(20, 5.00, 7, 6),
(21, 5.00, 7, 7),
(22, 5.00, 7, 8),
(23, 5.00, 7, 9),
(24, 5.00, 7, 10),
(25, 5.00, 7, 4),
(26, 5.00, 7, 1),
(27, 5.00, 8, 6),
(28, 5.00, 8, 9),
(29, 5.00, 8, 6),
(30, 5.00, 9, 5);
